date,price,year
2016-01-04,1078.47,2016
2016-01-05,1079.33,2016
2016-01-06,1098.9,2016
2016-01-07,1103.45,2016
2016-01-08,1104.32,2016
2016-01-11,1095.9,2016
2016-01-12,1085.26,2016
2016-01-13,1091.53,2016
2016-01-14,1080.67,2016
2016-01-15,1088.72,2016
2016-01-18,1089.1,2016
2016-01-19,1091.44,2016
2016-01-20,1103.41,2016
2016-01-21,1098.75,2016
2016-01-22,1097.77,2016
2016-01-25,1112.45,2016
2016-01-26,1120.64,2016
2016-01-27,1120.1,2016
2016-01-28,1114.36,2016
2016-01-29,1118.39,2016
2016-02-01,1125.65,2016
2016-02-02,1128.2,2016
2016-02-03,1143.11,2016
2016-02-04,1154.85,2016
2016-02-05,1173.46,2016
2016-02-08,1191.45,2016
2016-02-09,1191.44,2016
2016-02-10,1206.25,2016
2016-02-11,1239.06,2016
2016-02-12,1237.77,2016
2016-02-15,1209.52,2016
2016-02-16,1206.28,2016
2016-02-17,1209.41,2016
2016-02-18,1225.96,2016
2016-02-19,1226.24,2016
2016-02-22,1216.24,2016
2016-02-23,1227.57,2016
2016-02-24,1233.96,2016
2016-02-25,1239.38,2016
2016-02-26,1222.95,2016
2016-02-29,1244.31,2016
2016-03-01,1226.93,2016
2016-03-02,1239.35,2016
2016-03-03,1261.18,2016
2016-03-04,1259.06,2016
2016-03-07,1270.1,2016
2016-03-08,1255.75,2016
2016-03-09,1247.75,2016
2016-03-10,1275.12,2016
2016-03-11,1250.58,2016
2016-03-14,1229.72,2016
2016-03-15,1232.35,2016
2016-03-16,1256.68,2016
2016-03-17,1262.88,2016
2016-03-18,1255.3,2016
2016-03-21,1243.69,2016
2016-03-22,1248.49,2016
2016-03-23,1220.04,2016
2016-03-24,1216.92,2016
2016-03-28,1213.5,2016
2016-03-29,1215.87,2016
2016-03-30,1226.95,2016
2016-03-31,1232.69,2016
2016-04-01,1222.47,2016
2016-04-04,1215.26,2016
2016-04-05,1230.55,2016
2016-04-06,1225.45,2016
2016-04-07,1238.76,2016
2016-04-08,1239.85,2016
2016-04-11,1257.36,2016
2016-04-12,1254.27,2016
2016-04-13,1241.15,2016
2016-04-14,1229.59,2016
2016-04-15,1237.3,2016
2016-04-18,1229.45,2016
2016-04-19,1249.78,2016
2016-04-20,1245.25,2016
2016-04-21,1249.35,2016
2016-04-22,1232.34,2016
2016-04-25,1238.26,2016
2016-04-26,1242.85,2016
2016-04-27,1245.81,2016
2016-04-28,1265.65,2016
2016-04-29,1293.26,2016
2016-05-02,1289.86,2016
2016-05-03,1286.88,2016
2016-05-04,1282.76,2016
2016-05-05,1277.62,2016
2016-05-06,1288.02,2016
2016-05-09,1262.83,2016
2016-05-10,1265.3,2016
2016-05-11,1277.83,2016
2016-05-12,1266.73,2016
2016-05-13,1273.35,2016
2016-05-16,1275.27,2016
2016-05-17,1279.22,2016
2016-05-18,1260.44,2016
2016-05-19,1257.04,2016
2016-05-20,1252.26,2016
2016-05-23,1249.64,2016
2016-05-24,1225.42,2016
2016-05-25,1225.01,2016
2016-05-26,1222.19,2016
2016-05-27,1212.95,2016
2016-05-30,1210.02,2016
2016-05-31,1216.78,2016
2016-06-01,1213.34,2016
2016-06-02,1208.15,2016
2016-06-03,1244.37,2016
2016-06-06,1244.69,2016
2016-06-07,1244.17,2016
2016-06-08,1264.99,2016
2016-06-09,1266.17,2016
2016-06-10,1273.9,2016
2016-06-13,1282.56,2016
2016-06-14,1284.48,2016
2016-06-15,1293.84,2016
2016-06-16,1282.08,2016
2016-06-17,1298.75,2016
2016-06-20,1288.01,2016
2016-06-21,1268.68,2016
2016-06-22,1262.8,2016
2016-06-23,1267.49,2016
2016-06-24,1333.7,2016
2016-06-27,1324.8,2016
2016-06-28,1314.21,2016
2016-06-29,1316.27,2016
2016-06-30,1322.05,2016
2016-07-01,1341.5,2016
2016-07-04,1349.66,2016
2016-07-05,1362.77,2016
2016-07-06,1366.36,2016
2016-07-07,1360.61,2016
2016-07-08,1366.54,2016
2016-07-11,1354.59,2016
2016-07-12,1334.05,2016
2016-07-13,1345.86,2016
2016-07-14,1334.85,2016
2016-07-15,1337.57,2016
2016-07-18,1329.08,2016
2016-07-19,1333.01,2016
2016-07-20,1313.12,2016
2016-07-21,1332.4,2016
2016-07-22,1322.29,2016
2016-07-25,1316.28,2016
2016-07-26,1319.18,2016
2016-07-27,1339.68,2016
2016-07-28,1336.27,2016
2016-07-29,1351.05,2016
2016-08-01,1353.04,2016
2016-08-02,1363.18,2016
2016-08-03,1356.39,2016
2016-08-04,1360.31,2016
2016-08-05,1336.49,2016
2016-08-08,1336.04,2016
2016-08-09,1341.99,2016
2016-08-10,1347.53,2016
2016-08-11,1339.66,2016
2016-08-12,1336.24,2016
2016-08-15,1341.38,2016
2016-08-16,1347.52,2016
2016-08-17,1352.2,2016
2016-08-18,1350.14,2016
2016-08-19,1341.48,2016
2016-08-22,1337.82,2016
2016-08-23,1337.92,2016
2016-08-24,1326.22,2016
2016-08-25,1322.26,2016
2016-08-26,1320.83,2016
2016-08-29,1324.0,2016
2016-08-30,1312.46,2016
2016-08-31,1309.91,2016
2016-09-01,1314.58,2016
2016-09-02,1325.01,2016
2016-09-05,1327.34,2016
2016-09-06,1349.31,2016
2016-09-07,1345.3,2016
2016-09-08,1337.31,2016
2016-09-09,1328.14,2016
2016-09-12,1329.77,2016
2016-09-13,1321.12,2016
2016-09-14,1323.29,2016
2016-09-15,1316.73,2016
2016-09-16,1310.03,2016
2016-09-19,1314.34,2016
2016-09-20,1316.02,2016
2016-09-21,1333.57,2016
2016-09-22,1337.32,2016
2016-09-23,1337.67,2016
2016-09-26,1337.47,2016
2016-09-27,1326.7,2016
2016-09-28,1323.68,2016
2016-09-29,1322.25,2016
2016-09-30,1315.79,2016
2016-10-03,1312.04,2016
2016-10-04,1268.57,2016
2016-10-05,1269.31,2016
2016-10-06,1255.73,2016
2016-10-07,1257.0,2016
2016-10-10,1258.67,2016
2016-10-11,1254.68,2016
2016-10-12,1254.16,2016
2016-10-13,1257.34,2016
2016-10-14,1250.84,2016
2016-10-17,1255.98,2016
2016-10-18,1263.39,2016
2016-10-19,1270.07,2016
2016-10-20,1265.3,2016
2016-10-21,1266.68,2016
2016-10-24,1263.6,2016
2016-10-25,1274.54,2016
2016-10-26,1266.8,2016
2016-10-27,1269.71,2016
2016-10-28,1276.3,2016
2016-10-31,1276.28,2016
2016-11-01,1287.96,2016
2016-11-02,1298.4,2016
2016-11-03,1302.21,2016
2016-11-04,1304.65,2016
2016-11-07,1282.77,2016
2016-11-08,1273.42,2016
2016-11-09,1276.19,2016
2016-11-10,1260.8,2016
2016-11-11,1227.6,2016
2016-11-14,1224.13,2016
2016-11-15,1226.81,2016
2016-11-16,1226.79,2016
2016-11-17,1214.56,2016
2016-11-18,1208.38,2016
2016-11-21,1216.53,2016
2016-11-22,1212.84,2016
2016-11-23,1189.64,2016
2016-11-24,1186.14,2016
2016-11-25,1184.09,2016
2016-11-28,1194.83,2016
2016-11-29,1188.88,2016
2016-11-30,1172.5,2016
2016-12-01,1173.37,2016
2016-12-02,1177.55,2016
2016-12-05,1170.18,2016
2016-12-06,1169.45,2016
2016-12-07,1175.18,2016
2016-12-08,1170.56,2016
2016-12-09,1160.17,2016
2016-12-12,1163.2,2016
2016-12-13,1158.52,2016
2016-12-14,1142.93,2016
2016-12-15,1127.87,2016
2016-12-16,1134.92,2016
2016-12-19,1138.66,2016
2016-12-20,1131.99,2016
2016-12-21,1131.05,2016
2016-12-22,1128.77,2016
2016-12-23,1133.8,2016
2016-12-26,1133.36,2016
2016-12-27,1139.36,2016
2016-12-28,1142.31,2016
2016-12-29,1160.37,2016
2016-12-30,1152.07,2016
2017-01-02,1150.27,2017
2017-01-03,1157.25,2017
2017-01-04,1165.95,2017
2017-01-05,1181.03,2017
2017-01-06,1172.41,2017
2017-01-09,1182.68,2017
2017-01-10,1186.23,2017
2017-01-11,1193.52,2017
2017-01-12,1196.25,2017
2017-01-13,1197.4,2017
2017-01-16,1203.39,2017
2017-01-17,1215.32,2017
2017-01-18,1202.85,2017
2017-01-19,1203.69,2017
2017-01-20,1209.02,2017
2017-01-23,1217.42,2017
2017-01-24,1209.01,2017
2017-01-25,1201.23,2017
2017-01-26,1188.35,2017
2017-01-27,1191.44,2017
2017-01-30,1196.93,2017
2017-01-31,1211.75,2017
2017-02-01,1209.87,2017
2017-02-02,1214.97,2017
2017-02-03,1220.24,2017
2017-02-06,1233.48,2017
2017-02-07,1232.13,2017
2017-02-08,1239.99,2017
2017-02-09,1227.16,2017
2017-02-10,1233.66,2017
2017-02-13,1226.16,2017
2017-02-14,1228.57,2017
2017-02-15,1233.24,2017
2017-02-16,1238.65,2017
2017-02-17,1234.97,2017
2017-02-20,1237.09,2017
2017-02-21,1235.04,2017
2017-02-22,1237.12,2017
2017-02-23,1249.35,2017
2017-02-24,1257.09,2017
2017-02-27,1253.36,2017
2017-02-28,1246.18,2017
2017-03-01,1247.29,2017
2017-03-02,1235.37,2017
2017-03-03,1234.65,2017
2017-03-06,1225.99,2017
2017-03-07,1216.22,2017
2017-03-08,1208.5,2017
2017-03-09,1200.04,2017
2017-03-10,1204.81,2017
2017-03-13,1202.24,2017
2017-03-14,1200.35,2017
2017-03-15,1220.59,2017
2017-03-16,1226.58,2017
2017-03-17,1229.37,2017
2017-03-20,1234.67,2017
2017-03-21,1246.05,2017
2017-03-22,1246.16,2017
2017-03-23,1245.77,2017
2017-03-24,1254.9,2017
2017-03-27,1253.07,2017
2017-03-28,1249.99,2017
2017-03-29,1252.54,2017
2017-03-30,1243.63,2017
2017-03-31,1249.14,2017
2017-04-03,1255.48,2017
2017-04-04,1255.61,2017
2017-04-05,1258.44,2017
2017-04-06,1251.59,2017
2017-04-07,1254.3,2017
2017-04-10,1256.03,2017
2017-04-11,1276.16,2017
2017-04-12,1287.17,2017
2017-04-13,1299.7,2017
2017-04-14,1287.43,2017
2017-04-17,1283.0,2017
2017-04-18,1289.34,2017
2017-04-19,1279.54,2017
2017-04-20,1281.31,2017
2017-04-21,1284.56,2017
2017-04-24,1277.43,2017
2017-04-25,1263.8,2017
2017-04-26,1267.4,2017
2017-04-27,1264.31,2017
2017-04-28,1268.18,2017
2017-05-01,1256.73,2017
2017-05-02,1256.59,2017
2017-05-03,1238.57,2017
2017-05-04,1228.54,2017
2017-05-05,1227.92,2017
2017-05-08,1227.74,2017
2017-05-09,1223.5,2017
2017-05-10,1217.91,2017
2017-05-11,1225.16,2017
2017-05-12,1228.46,2017
2017-05-15,1231.51,2017
2017-05-16,1243.52,2017
2017-05-17,1260.03,2017
2017-05-18,1248.84,2017
2017-05-19,1255.41,2017
2017-05-22,1263.33,2017
2017-05-23,1251.1,2017
2017-05-24,1257.94,2017
2017-05-25,1255.06,2017
2017-05-26,1266.93,2017
2017-05-29,1267.26,2017
2017-05-30,1262.5,2017
2017-05-31,1268.79,2017
2017-06-01,1264.88,2017
2017-06-02,1279.07,2017
2017-06-05,1280.6,2017
2017-06-06,1293.73,2017
2017-06-07,1284.91,2017
2017-06-08,1280.24,2017
2017-06-09,1266.69,2017
2017-06-12,1265.34,2017
2017-06-13,1267.4,2017
2017-06-14,1263.57,2017
2017-06-15,1254.05,2017
2017-06-16,1253.91,2017
2017-06-19,1243.78,2017
2017-06-20,1244.91,2017
2017-06-21,1249.16,2017
2017-06-22,1251.38,2017
2017-06-23,1256.84,2017
2017-06-26,1243.23,2017
2017-06-27,1249.39,2017
2017-06-28,1249.83,2017
2017-06-29,1246.38,2017
2017-06-30,1241.57,2017
2017-07-03,1223.36,2017
2017-07-04,1226.79,2017
2017-07-05,1226.75,2017
2017-07-06,1223.29,2017
2017-07-07,1213.07,2017
2017-07-10,1213.76,2017
2017-07-11,1217.71,2017
2017-07-12,1219.25,2017
2017-07-13,1217.76,2017
2017-07-14,1250.8,2017
2017-07-17,1233.0,2017
2017-07-18,1242.8,2017
2017-07-19,1241.43,2017
2017-07-20,1244.03,2017
2017-07-21,1255.03,2017
2017-07-24,1253.74,2017
2017-07-25,1247.08,2017
2017-07-26,1260.35,2017
2017-07-27,1260.06,2017
2017-07-28,1269.62,2017
2017-07-31,1267.72,2017
2017-08-01,1267.69,2017
2017-08-02,1263.04,2017
2017-08-03,1269.28,2017
2017-08-04,1258.77,2017
2017-08-07,1257.81,2017
2017-08-08,1262.0,2017
2017-08-09,1275.91,2017
2017-08-10,1286.69,2017
2017-08-11,1289.07,2017
2017-08-14,1279.36,2017
2017-08-15,1272.96,2017
2017-08-16,1283.22,2017
2017-08-17,1288.61,2017
2017-08-18,1284.5,2017
2017-08-21,1291.56,2017
2017-08-22,1283.3,2017
2017-08-23,1290.45,2017
2017-08-24,1286.68,2017
2017-08-25,1291.05,2017
2017-08-28,1317.96,2017
2017-08-29,1308.91,2017
2017-08-30,1307.37,2017
2017-08-31,1321.22,2017
2017-09-01,1325.04,2017
2017-09-04,1332.8,2017
2017-09-05,1341.7,2017
2017-09-06,1333.64,2017
2017-09-07,1349.3,2017
2017-09-08,1346.56,2017
2017-09-11,1327.03,2017
2017-09-12,1331.08,2017
2017-09-13,1322.17,2017
2017-09-14,1334.24,2017
2017-09-15,1320.19,2017
2017-09-18,1308.86,2017
2017-09-19,1310.9,2017
2017-09-20,1299.0,2017
2017-09-21,1292.03,2017
2017-09-22,1297.3,2017
2017-09-25,1308.42,2017
2017-09-26,1293.38,2017
2017-09-27,1283.65,2017
2017-09-28,1287.03,2017
2017-09-29,1278.5,2017
2017-10-02,1271.22,2017
2017-10-03,1272.55,2017
2017-10-04,1274.0,2017
2017-10-05,1269.2,2017
2017-10-06,1276.5,2017
2017-10-09,1283.27,2017
2017-10-10,1289.71,2017
2017-10-11,1292.64,2017
2017-10-12,1294.12,2017
2017-10-13,1304.8,2017
2017-10-16,1295.08,2017
2017-10-17,1286.1,2017
2017-10-18,1280.42,2017
2017-10-19,1290.2,2017
2017-10-20,1280.7,2017
2017-10-23,1282.75,2017
2017-10-24,1275.8,2017
2017-10-25,1279.46,2017
2017-10-26,1267.3,2017
2017-10-27,1274.02,2017
2017-10-30,1277.33,2017
2017-10-31,1270.03,2017
2017-11-01,1275.27,2017
2017-11-02,1277.8,2017
2017-11-03,1269.93,2017
2017-11-06,1280.09,2017
2017-11-07,1277.71,2017
2017-11-08,1281.97,2017
2017-11-09,1286.15,2017
2017-11-10,1275.6,2017
2017-11-13,1277.94,2017
2017-11-14,1280.99,2017
2017-11-15,1279.5,2017
2017-11-16,1279.4,2017
2017-11-17,1294.2,2017
2017-11-20,1279.42,2017
2017-11-21,1282.01,2017
2017-11-22,1290.99,2017
2017-11-23,1291.45,2017
2017-11-24,1288.59,2017
2017-11-27,1294.54,2017
2017-11-28,1293.9,2017
2017-11-29,1284.17,2017
2017-11-30,1275.06,2017
2017-12-01,1280.51,2017
2017-12-04,1276.61,2017
2017-12-05,1266.34,2017
2017-12-06,1264.0,2017
2017-12-07,1247.16,2017
2017-12-08,1248.88,2017
2017-12-11,1242.94,2017
2017-12-12,1243.5,2017
2017-12-13,1254.01,2017
2017-12-14,1253.59,2017
2017-12-15,1255.23,2017
2017-12-18,1261.52,2017
2017-12-19,1261.83,2017
2017-12-20,1266.62,2017
2017-12-21,1266.97,2017
2017-12-22,1274.98,2017
2017-12-25,1273.72,2017
2017-12-26,1282.18,2017
2017-12-27,1287.69,2017
2017-12-28,1294.19,2017
2017-12-29,1302.94,2017
2018-01-01,1306.84,2018
2018-01-02,1320.4,2018
2018-01-03,1311.13,2018
2018-01-04,1321.0,2018
2018-01-05,1319.7,2018
2018-01-08,1318.18,2018
2018-01-09,1310.4,2018
2018-01-10,1317.85,2018
2018-01-11,1322.9,2018
2018-01-12,1337.61,2018
2018-01-15,1341.64,2018
2018-01-16,1340.86,2018
2018-01-17,1328.61,2018
2018-01-18,1328.04,2018
2018-01-19,1331.72,2018
2018-01-22,1333.24,2018
2018-01-23,1341.95,2018
2018-01-24,1356.22,2018
2018-01-25,1346.77,2018
2018-01-26,1350.02,2018
2018-01-29,1341.16,2018
2018-01-30,1338.62,2018
2018-01-31,1345.33,2018
2018-02-01,1348.37,2018
2018-02-02,1333.03,2018
2018-02-05,1340.69,2018
2018-02-06,1325.4,2018
2018-02-07,1319.2,2018
2018-02-08,1322.05,2018
2018-02-09,1316.14,2018
2018-02-12,1322.6,2018
2018-02-13,1331.89,2018
2018-02-14,1353.9,2018
2018-02-15,1354.01,2018
2018-02-16,1347.29,2018
2018-02-19,1345.4,2018
2018-02-20,1329.98,2018
2018-02-21,1326.7,2018
2018-02-22,1330.53,2018
2018-02-23,1328.95,2018
2018-02-26,1332.29,2018
2018-02-27,1317.54,2018
2018-02-28,1317.47,2018
2018-03-01,1317.12,2018
2018-03-02,1322.68,2018
2018-03-05,1321.05,2018
2018-03-06,1339.47,2018
2018-03-07,1324.58,2018
2018-03-08,1320.99,2018
2018-03-09,1323.43,2018
2018-03-12,1325.11,2018
2018-03-13,1326.4,2018
2018-03-14,1325.31,2018
2018-03-15,1315.9,2018
2018-03-16,1314.11,2018
2018-03-19,1317.14,2018
2018-03-20,1310.14,2018
2018-03-21,1332.1,2018
2018-03-22,1332.85,2018
2018-03-23,1347.33,2018
2018-03-26,1353.0,2018
2018-03-27,1345.38,2018
2018-03-28,1326.6,2018
2018-03-29,1320.8,2018
2018-03-30,1320.83,2018
2018-04-02,1341.7,2018
2018-04-03,1333.3,2018
2018-04-04,1333.5,2018
2018-04-05,1330.8,2018
2018-04-06,1333.42,2018
2018-04-09,1336.6,2018
2018-04-10,1341.88,2018
2018-04-11,1352.99,2018
2018-04-12,1337.98,2018
2018-04-13,1345.2,2018
2018-04-16,1348.24,2018
2018-04-17,1346.4,2018
2018-04-18,1350.66,2018
2018-04-19,1344.5,2018
2018-04-20,1335.59,2018
2018-04-23,1324.4,2018
2018-04-24,1331.75,2018
2018-04-25,1322.73,2018
2018-04-26,1318.09,2018
2018-04-27,1323.29,2018
2018-04-30,1315.2,2018
2018-05-01,1305.53,2018
2018-05-02,1305.96,2018
2018-05-03,1312.91,2018
2018-05-04,1315.18,2018
2018-05-07,1315.83,2018
2018-05-08,1316.4,2018
2018-05-09,1312.5,2018
2018-05-10,1321.2,2018
2018-05-11,1318.32,2018
2018-05-14,1313.82,2018
2018-05-15,1292.76,2018
2018-05-16,1291.77,2018
2018-05-17,1289.62,2018
2018-05-18,1329.8,2018
2018-05-21,1292.54,2018
2018-05-22,1293.58,2018
2018-05-23,1295.1,2018
2018-05-24,1304.45,2018
2018-05-25,1301.61,2018
2018-05-28,1298.15,2018
2018-05-29,1302.16,2018
2018-05-30,1302.65,2018
2018-05-31,1299.63,2018
2018-06-01,1293.46,2018
2018-06-04,1291.59,2018
2018-06-05,1297.06,2018
2018-06-06,1297.47,2018
2018-06-07,1297.4,2018
2018-06-08,1329.5,2018
2018-06-11,1298.23,2018
2018-06-12,1295.55,2018
2018-06-13,1299.42,2018
2018-06-14,1302.47,2018
2018-06-15,1279.75,2018
2018-06-18,1281.43,2018
2018-06-19,1275.2,2018
2018-06-20,1269.59,2018
2018-06-21,1267.4,2018
2018-06-22,1269.43,2018
2018-06-25,1266.09,2018
2018-06-26,1258.25,2018
2018-06-27,1252.99,2018
2018-06-28,1248.71,2018
2018-06-29,1253.09,2018
2018-07-02,1242.26,2018
2018-07-03,1255.2,2018
2018-07-04,1256.97,2018
2018-07-05,1257.4,2018
2018-07-06,1254.8,2018
2018-07-09,1258.47,2018
2018-07-10,1256.1,2018
2018-07-11,1242.8,2018
2018-07-12,1246.04,2018
2018-07-13,1241.67,2018
2018-07-16,1240.8,2018
2018-07-17,1227.23,2018
2018-07-18,1227.44,2018
2018-07-19,1223.54,2018
2018-07-20,1231.96,2018
2018-07-23,1224.32,2018
2018-07-24,1225.23,2018
2018-07-25,1233.3,2018
2018-07-26,1224.2,2018
2018-07-27,1222.79,2018
2018-07-30,1222.61,2018
2018-07-31,1224.17,2018
2018-08-01,1217.89,2018
2018-08-02,1208.4,2018
2018-08-03,1213.39,2018
2018-08-06,1208.69,2018
2018-08-07,1212.5,2018
2018-08-08,1213.38,2018
2018-08-09,1212.2,2018
2018-08-10,1211.29,2018
2018-08-13,1192.93,2018
2018-08-14,1193.98,2018
2018-08-15,1173.87,2018
2018-08-16,1175.28,2018
2018-08-17,1184.72,2018
2018-08-20,1191.3,2018
2018-08-21,1196.14,2018
2018-08-22,1195.16,2018
2018-08-23,1184.6,2018
2018-08-24,1206.07,2018
2018-08-27,1211.02,2018
2018-08-28,1202.8,2018
2018-08-29,1207.2,2018
2018-08-30,1199.98,2018
2018-08-31,1201.16,2018
2018-09-03,1200.85,2018
2018-09-04,1192.2,2018
2018-09-05,1197.18,2018
2018-09-06,1201.19,2018
2018-09-07,1196.21,2018
2018-09-10,1195.12,2018
2018-09-11,1197.15,2018
2018-09-12,1206.26,2018
2018-09-13,1202.14,2018
2018-09-14,1193.7,2018
2018-09-17,1198.49,2018
2018-09-18,1199.62,2018
2018-09-19,1204.05,2018
2018-09-20,1207.39,2018
2018-09-21,1199.53,2018
2018-09-24,1199.39,2018
2018-09-25,1201.3,2018
2018-09-26,1196.56,2018
2018-09-27,1183.65,2018
2018-09-28,1192.17,2018
2018-10-01,1189.03,2018
2018-10-02,1205.7,2018
2018-10-03,1198.06,2018
2018-10-04,1199.17,2018
2018-10-05,1202.8,2018
2018-10-08,1190.7,2018
2018-10-09,1189.97,2018
2018-10-10,1194.2,2018
2018-10-11,1221.28,2018
2018-10-12,1217.87,2018
2018-10-15,1226.88,2018
2018-10-16,1225.03,2018
2018-10-17,1222.31,2018
2018-10-18,1225.93,2018
2018-10-19,1226.68,2018
2018-10-22,1222.32,2018
2018-10-23,1231.02,2018
2018-10-24,1235.2,2018
2018-10-25,1231.87,2018
2018-10-26,1233.45,2018
2018-10-29,1230.19,2018
2018-10-30,1222.65,2018
2018-10-31,1216.19,2018
2018-11-01,1233.03,2018
2018-11-02,1232.87,2018
2018-11-05,1231.3,2018
2018-11-06,1227.82,2018
2018-11-07,1226.15,2018
2018-11-08,1223.18,2018
2018-11-09,1209.97,2018
2018-11-12,1202.29,2018
2018-11-13,1203.12,2018
2018-11-14,1211.14,2018
2018-11-15,1214.04,2018
2018-11-16,1221.51,2018
2018-11-19,1224.18,2018
2018-11-20,1221.7,2018
2018-11-21,1225.81,2018
2018-11-22,1227.46,2018
2018-11-23,1223.19,2018
2018-11-26,1222.66,2018
2018-11-27,1214.6,2018
2018-11-28,1221.1,2018
2018-11-29,1224.35,2018
2018-11-30,1222.43,2018
2018-12-03,1231.3,2018
2018-12-04,1238.8,2018
2018-12-05,1238.25,2018
2018-12-06,1237.59,2018
2018-12-07,1248.57,2018
2018-12-10,1244.22,2018
2018-12-11,1243.23,2018
2018-12-12,1246.19,2018
2018-12-13,1242.55,2018
2018-12-14,1238.38,2018
2018-12-17,1245.9,2018
2018-12-18,1249.5,2018
2018-12-19,1244.33,2018
2018-12-20,1262.01,2018
2018-12-21,1255.93,2018
2018-12-24,1269.14,2018
2018-12-25,1267.45,2018
2018-12-26,1269.3,2018
2018-12-27,1274.78,2018
2018-12-28,1280.99,2018
2018-12-31,1282.57,2018
2019-01-01,1281.3,2019
2019-01-02,1285.91,2019
2019-01-03,1295.26,2019
2019-01-04,1284.89,2019
2019-01-07,1288.93,2019
2019-01-08,1285.2,2019
2019-01-09,1293.0,2019
2019-01-10,1288.05,2019
2019-01-11,1287.52,2019
2019-01-14,1291.6,2019
2019-01-15,1289.7,2019
2019-01-16,1293.0,2019
2019-01-17,1292.39,2019
2019-01-18,1281.63,2019
2019-01-21,1279.85,2019
2019-01-22,1284.5,2019
2019-01-23,1283.85,2019
2019-01-24,1281.42,2019
2019-01-25,1303.24,2019
2019-01-28,1303.96,2019
2019-01-29,1310.82,2019
2019-01-30,1319.33,2019
2019-01-31,1321.1,2019
2019-02-01,1317.65,2019
2019-02-04,1311.8,2019
2019-02-05,1315.05,2019
2019-02-06,1306.71,2019
2019-02-07,1310.42,2019
2019-02-08,1314.13,2019
2019-02-11,1307.8,2019
2019-02-12,1310.24,2019
2019-02-13,1307.7,2019
2019-02-14,1312.0,2019
2019-02-15,1321.27,2019
2019-02-18,1326.47,2019
2019-02-19,1339.68,2019
2019-02-20,1340.59,2019
2019-02-21,1325.91,2019
2019-02-22,1327.6,2019
2019-02-25,1327.55,2019
2019-02-26,1329.2,2019
2019-02-27,1321.22,2019
2019-02-28,1314.33,2019
2019-03-01,1293.55,2019
2019-03-04,1287.17,2019
2019-03-05,1288.02,2019
2019-03-06,1287.31,2019
2019-03-07,1286.07,2019
2019-03-08,1298.39,2019
2019-03-11,1292.63,2019
2019-03-12,1302.04,2019
2019-03-13,1309.53,2019
2019-03-14,1296.1,2019
2019-03-15,1302.27,2019
2019-03-18,1303.5,2019
2019-03-19,1306.26,2019
2019-03-20,1315.53,2019
2019-03-21,1308.66,2019
2019-03-22,1313.42,2019
2019-03-25,1321.35,2019
2019-03-26,1316.52,2019
2019-03-27,1309.46,2019
2019-03-28,1291.65,2019
2019-03-29,1292.41,2019
2019-04-01,1287.45,2019
2019-04-02,1291.85,2019
2019-04-03,1292.0,2019
2019-04-04,1292.2,2019
2019-04-05,1291.62,2019
2019-04-08,1298.1,2019
2019-04-09,1304.72,2019
2019-04-10,1308.2,2019
2019-04-11,1292.31,2019
2019-04-12,1290.4,2019
2019-04-15,1288.5,2019
2019-04-16,1276.6,2019
2019-04-17,1274.3,2019
2019-04-18,1274.43,2019
2019-04-22,1274.73,2019
2019-04-23,1271.51,2019
2019-04-24,1274.82,2019
2019-04-25,1278.74,2019
2019-04-26,1286.2,2019
2019-04-29,1280.5,2019
2019-04-30,1283.25,2019
2019-05-01,1277.15,2019
2019-05-02,1270.84,2019
2019-05-03,1276.6,2019
2019-05-06,1282.93,2019
2019-05-07,1284.92,2019
2019-05-08,1281.45,2019
2019-05-09,1283.82,2019
2019-05-10,1286.0,2019
2019-05-13,1301.82,2019
2019-05-14,1297.23,2019
2019-05-15,1296.6,2019
2019-05-16,1285.98,2019
2019-05-17,1277.5,2019
2019-05-20,1277.51,2019
2019-05-21,1274.74,2019
2019-05-22,1274.32,2019
2019-05-23,1284.25,2019
2019-05-24,1292.8,2019
2019-05-27,1285.86,2019
2019-05-28,1279.98,2019
2019-05-29,1279.96,2019
2019-05-30,1290.55,2019
2019-05-31,1305.6,2019
2019-06-03,1325.24,2019
2019-06-04,1325.43,2019
2019-06-05,1331.05,2019
2019-06-06,1333.59,2019
2019-06-07,1340.52,2019
2019-06-10,1329.38,2019
2019-06-11,1327.85,2019
2019-06-12,1333.68,2019
2019-06-13,1344.6,2019
2019-06-14,1341.94,2019
2019-06-17,1339.78,2019
2019-06-18,1345.56,2019
2019-06-19,1357.92,2019
2019-06-20,1391.1,2019
2019-06-21,1399.0,2019
2019-06-24,1425.43,2019
2019-06-25,1418.77,2019
2019-06-26,1410.91,2019
2019-06-27,1411.24,2019
2019-06-28,1409.5,2019
2019-07-01,1385.57,2019
2019-07-02,1431.4,2019
2019-07-03,1418.49,2019
2019-07-04,1421.01,2019
2019-07-05,1399.47,2019
2019-07-08,1394.43,2019
2019-07-09,1395.53,2019
2019-07-10,1422.12,2019
2019-07-11,1404.0,2019
2019-07-12,1426.8,2019
2019-07-15,1415.6,2019
2019-07-16,1405.36,2019
2019-07-17,1424.87,2019
2019-07-18,1443.0,2019
2019-07-19,1418.1,2019
2019-07-22,1423.77,2019
2019-07-23,1417.1,2019
2019-07-24,1425.4,2019
2019-07-25,1415.17,2019
2019-07-26,1418.76,2019
2019-07-29,1424.58,2019
2019-07-30,1430.9,2019
2019-07-31,1412.14,2019
2019-08-01,1438.3,2019
2019-08-02,1440.56,2019
2019-08-05,1474.11,2019
2019-08-06,1476.88,2019
2019-08-07,1502.14,2019
2019-08-08,1504.36,2019
2019-08-09,1495.2,2019
2019-08-12,1512.23,2019
2019-08-13,1500.94,2019
2019-08-14,1517.0,2019
2019-08-15,1526.59,2019
2019-08-16,1512.5,2019
2019-08-19,1496.31,2019
2019-08-20,1506.27,2019
2019-08-21,1502.69,2019
2019-08-22,1497.58,2019
2019-08-23,1481.1,2019
2019-08-26,1528.68,2019
2019-08-27,1543.44,2019
2019-08-28,1538.9,2019
2019-08-29,1528.79,2019
2019-08-30,1520.51,2019
2019-09-02,1526.36,2019
2019-09-03,1549.31,2019
2019-09-04,1551.4,2019
2019-09-05,1518.44,2019
2019-09-06,1507.09,2019
2019-09-09,1496.47,2019
2019-09-10,1487.2,2019
2019-09-11,1493.2,2019
2019-09-12,1497.95,2019
2019-09-13,1483.2,2019
2019-09-16,1497.9,2019
2019-09-17,1500.85,2019
2019-09-18,1491.2,2019
2019-09-19,1499.8,2019
2019-09-20,1517.1,2019
2019-09-23,1520.93,2019
2019-09-24,1531.8,2019
2019-09-25,1506.52,2019
2019-09-26,1506.85,2019
2019-09-27,1496.93,2019
2019-09-30,1473.72,2019
2019-10-01,1481.82,2019
2019-10-02,1500.11,2019
2019-10-03,1508.4,2019
2019-10-04,1504.81,2019
2019-10-07,1492.11,2019
2019-10-08,1508.8,2019
2019-10-09,1514.59,2019
2019-10-10,1494.1,2019
2019-10-11,1489.8,2019
2019-10-14,1491.34,2019
2019-10-15,1482.0,2019
2019-10-16,1490.13,2019
2019-10-17,1492.89,2019
2019-10-18,1490.25,2019
2019-10-21,1484.23,2019
2019-10-22,1488.91,2019
2019-10-23,1492.21,2019
2019-10-24,1502.81,2019
2019-10-25,1504.44,2019
2019-10-28,1491.81,2019
2019-10-29,1487.39,2019
2019-10-30,1495.37,2019
2019-10-31,1512.25,2019
2019-11-01,1513.9,2019
2019-11-04,1506.8,2019
2019-11-05,1484.31,2019
2019-11-06,1490.34,2019
2019-11-07,1468.79,2019
2019-11-08,1458.7,2019
2019-11-11,1455.72,2019
2019-11-12,1458.49,2019
2019-11-13,1463.65,2019
2019-11-14,1469.3,2019
2019-11-15,1468.0,2019
2019-11-18,1471.83,2019
2019-11-19,1474.5,2019
2019-11-20,1474.52,2019
2019-11-21,1465.23,2019
2019-11-22,1462.36,2019
2019-11-25,1453.9,2019
2019-11-26,1460.66,2019
2019-11-27,1457.1,2019
2019-11-28,1456.15,2019
2019-11-29,1463.96,2019
2019-12-02,1462.75,2019
2019-12-03,1476.83,2019
2019-12-04,1475.62,2019
2019-12-05,1476.04,2019
2019-12-06,1460.12,2019
2019-12-09,1461.2,2019
2019-12-10,1464.0,2019
2019-12-11,1474.7,2019
2019-12-12,1465.11,2019
2019-12-13,1475.64,2019
2019-12-16,1475.41,2019
2019-12-17,1475.7,2019
2019-12-18,1475.84,2019
2019-12-19,1478.5,2019
2019-12-20,1478.15,2019
2019-12-23,1485.56,2019
2019-12-24,1498.18,2019
2019-12-25,1499.55,2019
2019-12-26,1511.16,2019
2019-12-27,1511.08,2019
2019-12-30,1515.02,2019
2019-12-31,1517.24,2019
2020-01-01,1518.41,2020
2020-01-02,1528.95,2020
2020-01-03,1552.24,2020
2020-01-06,1563.83,2020
2020-01-07,1595.24,2020
2020-01-08,1557.89,2020
2020-01-09,1552.72,2020
2020-01-10,1562.05,2020
2020-01-13,1545.44,2020
2020-01-14,1549.6,2020
2020-01-15,1556.35,2020
2020-01-16,1552.27,2020
2020-01-17,1557.3,2020
2020-01-20,1561.31,2020
2020-01-21,1556.56,2020
2020-01-22,1561.45,2020
2020-01-23,1561.04,2020
2020-01-24,1571.56,2020
2020-01-27,1581.17,2020
2020-01-28,1568.59,2020
2020-01-29,1577.2,2020
2020-01-30,1575.21,2020
2020-01-31,1589.4,2020
2020-02-03,1578.96,2020
2020-02-04,1554.04,2020
2020-02-05,1556.1,2020
2020-02-06,1565.89,2020
2020-02-07,1570.41,2020
2020-02-10,1572.06,2020
2020-02-11,1567.2,2020
2020-02-12,1570.28,2020
2020-02-13,1577.48,2020
2020-02-14,1583.89,2020
2020-02-17,1584.23,2020
2020-02-18,1600.97,2020
2020-02-19,1610.51,2020
2020-02-20,1622.3,2020
2020-02-21,1643.62,2020
2020-02-24,1653.8,2020
2020-02-25,1640.23,2020
2020-02-26,1643.74,2020
2020-02-27,1645.57,2020
2020-02-28,1586.46,2020
2020-03-02,1592.23,2020
2020-03-03,1645.88,2020
2020-03-04,1636.48,2020
2020-03-05,1674.67,2020
2020-03-06,1674.52,2020
2020-03-09,1666.61,2020
2020-03-10,1652.5,2020
2020-03-11,1643.42,2020
2020-03-12,1576.95,2020
2020-03-13,1529.29,2020
2020-03-16,1507.2,2020
2020-03-17,1537.79,2020
2020-03-18,1498.75,2020
2020-03-19,1471.47,2020
2020-03-20,1498.39,2020
2020-03-23,1567.03,2020
2020-03-24,1634.4,2020
2020-03-25,1611.15,2020
2020-03-26,1626.32,2020
2020-03-27,1627.56,2020
2020-03-30,1616.7,2020
2020-03-31,1578.93,2020
2020-04-01,1592.12,2020
2020-04-02,1613.16,2020
2020-04-03,1618.13,2020
2020-04-06,1663.51,2020
2020-04-07,1648.53,2020
2020-04-08,1647.59,2020
2020-04-09,1683.8,2020
2020-04-10,1688.78,2020
2020-04-13,1717.72,2020
2020-04-14,1726.4,2020
2020-04-15,1716.0,2020
2020-04-16,1715.5,2020
2020-04-17,1684.75,2020
2020-04-20,1691.11,2020
2020-04-21,1687.85,2020
2020-04-22,1711.74,2020
2020-04-23,1728.67,2020
2020-04-24,1729.05,2020
2020-04-27,1709.65,2020
2020-04-28,1704.5,2020
2020-04-29,1714.2,2020
2020-04-30,1688.23,2020
2020-05-01,1700.4,2020
2020-05-04,1703.9,2020
2020-05-05,1704.05,2020
2020-05-06,1690.12,2020
2020-05-07,1714.5,2020
2020-05-08,1702.22,2020
2020-05-11,1698.01,2020
2020-05-12,1702.65,2020
2020-05-13,1718.81,2020
2020-05-14,1732.87,2020
2020-05-15,1742.33,2020
2020-05-18,1735.05,2020
2020-05-19,1746.2,2020
2020-05-20,1747.4,2020
2020-05-21,1726.34,2020
2020-05-22,1736.22,2020
2020-05-25,1727.02,2020
2020-05-26,1712.87,2020
2020-05-27,1711.01,2020
2020-05-28,1722.06,2020
2020-05-29,1729.92,2020
2020-06-01,1741.9,2020
2020-06-02,1726.96,2020
2020-06-03,1700.71,2020
2020-06-04,1712.2,2020
2020-06-05,1683.86,2020
2020-06-08,1697.5,2020
2020-06-09,1712.6,2020
2020-06-10,1735.64,2020
2020-06-11,1726.77,2020
2020-06-12,1730.26,2020
2020-06-15,1723.9,2020
2020-06-16,1726.65,2020
2020-06-17,1727.82,2020
2020-06-18,1723.57,2020
2020-06-19,1743.48,2020
2020-06-22,1755.52,2020
2020-06-23,1769.07,2020
2020-06-24,1762.22,2020
2020-06-25,1765.88,2020
2020-06-26,1771.23,2020
2020-06-29,1773.09,2020
2020-06-30,1783.4,2020
2020-07-01,1768.44,2020
2020-07-02,1775.78,2020
2020-07-03,1775.3,2020
2020-07-06,1785.9,2020
2020-07-07,1794.54,2020
2020-07-08,1809.16,2020
2020-07-09,1804.1,2020
2020-07-10,1799.21,2020
2020-07-13,1802.6,2020
2020-07-14,1809.6,2020
2020-07-15,1813.16,2020
2020-07-16,1798.45,2020
2020-07-17,1810.01,2020
2020-07-20,1818.26,2020
2020-07-21,1843.03,2020
2020-07-22,1870.2,2020
2020-07-23,1885.69,2020
2020-07-24,1901.6,2020
2020-07-27,1965.5,2020
2020-07-28,1956.07,2020
2020-07-29,1966.5,2020
2020-07-30,1957.07,2020
2020-07-31,1975.69,2020
2020-08-03,1975.6,2020
2020-08-04,2031.0,2020
2020-08-05,2036.82,2020
2020-08-06,2069.29,2020
2020-08-07,2035.21,2020
2020-08-10,2028.38,2020
2020-08-11,1909.3,2020
2020-08-12,1922.09,2020
2020-08-13,1957.49,2020
2020-08-14,1944.27,2020
2020-08-17,1983.73,2020
2020-08-18,2005.4,2020
2020-08-19,1927.55,2020
2020-08-20,1952.5,2020
2020-08-21,1940.9,2020
2020-08-24,1930.15,2020
2020-08-25,1929.8,2020
2020-08-26,1953.67,2020
2020-08-27,1928.18,2020
2020-08-28,1964.77,2020
2020-08-31,1967.8,2020
2020-09-01,1972.58,2020
2020-09-02,1944.84,2020
2020-09-03,1927.43,2020
2020-09-04,1933.52,2020
2020-09-07,1930.84,2020
2020-09-08,1930.53,2020
2020-09-09,1947.44,2020
2020-09-10,1943.98,2020
2020-09-11,1940.43,2020
2020-09-14,1957.4,2020
2020-09-15,1953.92,2020
2020-09-16,1959.86,2020
2020-09-17,1947.17,2020
2020-09-18,1950.39,2020
2020-09-21,1917.23,2020
2020-09-22,1904.4,2020
2020-09-23,1855.03,2020
2020-09-24,1867.99,2020
2020-09-25,1861.33,2020
2020-09-28,1882.46,2020
2020-09-29,1896.8,2020
2020-09-30,1887.78,2020
2020-10-01,1903.73,2020
2020-10-02,1899.66,2020
2020-10-05,1912.4,2020
2020-10-06,1880.15,2020
2020-10-07,1887.07,2020
2020-10-08,1895.3,2020
2020-10-09,1930.33,2020
2020-10-12,1924.9,2020
2020-10-13,1893.56,2020
2020-10-14,1898.35,2020
2020-10-15,1906.46,2020
2020-10-16,1899.04,2020
2020-10-19,1903.14,2020
2020-10-20,1910.89,2020
2020-10-21,1921.49,2020
2020-10-22,1905.1,2020
2020-10-23,1901.73,2020
2020-10-26,1902.33,2020
2020-10-27,1905.3,2020
2020-10-28,1879.62,2020
2020-10-29,1868.63,2020
2020-10-30,1878.9,2020
2020-11-02,1894.86,2020
2020-11-03,1914.31,2020
2020-11-04,1904.93,2020
2020-11-05,1945.66,2020
2020-11-06,1951.46,2020
2020-11-09,1870.55,2020
2020-11-10,1876.72,2020
2020-11-11,1865.3,2020
2020-11-12,1875.96,2020
2020-11-13,1889.63,2020
2020-11-16,1889.4,2020
2020-11-17,1882.52,2020
2020-11-18,1871.7,2020
2020-11-19,1863.2,2020
2020-11-20,1870.82,2020
2020-11-23,1835.46,2020
2020-11-24,1809.3,2020
2020-11-25,1808.34,2020
2020-11-26,1809.32,2020
2020-11-27,1789.03,2020
2020-11-30,1778.8,2020
2020-12-01,1811.3,2020
2020-12-02,1830.85,2020
2020-12-03,1839.9,2020
2020-12-04,1839.3,2020
2020-12-07,1864.0,2020
2020-12-08,1870.2,2020
2020-12-09,1834.3,2020
2020-12-10,1836.77,2020
2020-12-11,1839.44,2020
2020-12-14,1827.6,2020
2020-12-15,1852.5,2020
2020-12-16,1864.46,2020
2020-12-17,1883.74,2020
2020-12-18,1881.26,2020
2020-12-21,1879.12,2020
2020-12-22,1864.4,2020
2020-12-23,1872.74,2020
2020-12-24,1866.66,2020
2020-12-28,1877.1,2020
2020-12-29,1878.76,2020
2020-12-30,1895.1,2020
2020-12-31,1898.6,2020
2021-01-04,1941.85,2021
2021-01-05,1950.4,2021
2021-01-06,1924.34,2021
2021-01-07,1916.69,2021
2021-01-08,1849.15,2021
2021-01-11,1847.34,2021
2021-01-12,1858.6,2021
2021-01-13,1848.2,2021
2021-01-14,1847.22,2021
2021-01-15,1827.63,2021
2021-01-18,1837.31,2021
2021-01-19,1841.07,2021
2021-01-20,1870.02,2021
2021-01-21,1869.7,2021
2021-01-22,1856.06,2021
2021-01-25,1855.55,2021
2021-01-26,1851.36,2021
2021-01-27,1839.75,2021
2021-01-28,1844.0,2021
2021-01-29,1844.13,2021
2021-02-01,1857.36,2021
2021-02-02,1836.48,2021
2021-02-03,1834.36,2021
2021-02-04,1795.54,2021
2021-02-05,1814.25,2021
2021-02-08,1830.61,2021
2021-02-09,1836.25,2021
2021-02-10,1842.08,2021
2021-02-11,1826.82,2021
2021-02-12,1824.77,2021
2021-02-15,1818.73,2021
2021-02-16,1788.48,2021
2021-02-17,1778.27,2021
2021-02-18,1771.52,2021
2021-02-19,1784.28,2021
2021-02-22,1810.67,2021
2021-02-23,1805.99,2021
2021-02-24,1803.1,2021
2021-02-25,1770.69,2021
2021-02-26,1734.78,2021
2021-03-01,1724.58,2021
2021-03-02,1736.76,2021
2021-03-03,1710.53,2021
2021-03-04,1694.46,2021
2021-03-05,1701.06,2021
2021-03-08,1684.71,2021
2021-03-09,1715.85,2021
2021-03-10,1726.78,2021
2021-03-11,1722.8,2021
2021-03-12,1727.11,2021
2021-03-15,1730.7,2021
2021-03-16,1731.75,2021
2021-03-17,1748.62,2021
2021-03-18,1735.72,2021
2021-03-19,1745.31,2021
2021-03-22,1739.57,2021
2021-03-23,1727.21,2021
2021-03-24,1734.58,2021
2021-03-25,1727.61,2021
2021-03-26,1732.63,2021
2021-03-29,1712.04,2021
2021-03-30,1685.57,2021
2021-03-31,1707.5,2021
2021-04-01,1730.47,2021
2021-04-02,1730.59,2021
2021-04-05,1729.42,2021
2021-04-06,1743.45,2021
2021-04-07,1736.97,2021
2021-04-08,1754.32,2021
2021-04-09,1744.2,2021
2021-04-12,1732.13,2021
2021-04-13,1746.64,2021
2021-04-14,1736.65,2021
2021-04-15,1763.95,2021
2021-04-16,1777.29,2021
2021-04-19,1772.31,2021
2021-04-20,1776.69,2021
2021-04-21,1793.71,2021
2021-04-22,1783.23,2021
2021-04-23,1777.11,2021
2021-04-26,1780.14,2021
2021-04-27,1775.5,2021
2021-04-28,1784.09,2021
2021-04-29,1773.38,2021
2021-04-30,1768.91,2021
2021-05-03,1792.68,2021
2021-05-04,1778.59,2021
2021-05-05,1785.4,2021
2021-05-06,1814.86,2021
2021-05-07,1831.43,2021
2021-05-10,1835.84,2021
2021-05-11,1835.64,2021
2021-05-12,1817.66,2021
2021-05-13,1825.17,2021
2021-05-14,1843.91,2021
2021-05-17,1869.07,2021
2021-05-18,1870.25,2021
2021-05-19,1865.61,2021
2021-05-20,1874.15,2021
2021-05-21,1881.96,2021
2021-05-24,1877.5,2021
2021-05-25,1898.3,2021
2021-05-26,1896.03,2021
2021-05-27,1898.01,2021
2021-05-28,1904.3,2021
2021-05-31,1908.16,2021
2021-06-01,1898.92,2021
2021-06-02,1907.88,2021
2021-06-03,1871.14,2021
2021-06-04,1891.24,2021
2021-06-07,1898.83,2021
2021-06-08,1893.49,2021
2021-06-09,1888.78,2021
2021-06-10,1898.41,2021
2021-06-11,1876.87,2021
2021-06-14,1867.32,2021
2021-06-15,1857.95,2021
2021-06-16,1818.87,2021
2021-06-17,1776.72,2021
2021-06-18,1764.31,2021
2021-06-21,1783.48,2021
2021-06-22,1777.64,2021
2021-06-23,1777.44,2021
2021-06-24,1775.38,2021
2021-06-25,1781.29,2021
2021-06-28,1778.21,2021
2021-06-29,1761.61,2021
2021-06-30,1768.26,2021
2021-07-01,1775.75,2021
2021-07-02,1787.53,2021
2021-07-05,1791.45,2021
2021-07-06,1795.73,2021
2021-07-07,1803.48,2021
2021-07-08,1804.06,2021
2021-07-09,1808.54,2021
2021-07-12,1807.24,2021
2021-07-13,1806.09,2021
2021-07-14,1826.53,2021
2021-07-15,1829.72,2021
2021-07-16,1812.36,2021
2021-07-19,1811.42,2021
2021-07-20,1809.83,2021
2021-07-21,1802.71,2021
2021-07-22,1807.29,2021
2021-07-23,1802.3,2021
2021-07-26,1797.74,2021
2021-07-27,1800.06,2021
2021-07-28,1809.49,2021
2021-07-29,1830.33,2021
2021-07-30,1813.62,2021
2021-08-02,1812.66,2021
2021-08-03,1811.2,2021
2021-08-04,1811.77,2021
2021-08-05,1803.55,2021
2021-08-06,1763.69,2021
2021-08-09,1731.57,2021
2021-08-10,1727.08,2021
2021-08-11,1752.37,2021
2021-08-12,1753.57,2021
2021-08-13,1779.34,2021
2021-08-16,1787.59,2021
2021-08-17,1786.23,2021
2021-08-18,1787.55,2021
2021-08-19,1779.04,2021
2021-08-20,1781.77,2021
2021-08-23,1804.89,2021
2021-08-24,1801.96,2021
2021-08-25,1791.7,2021
2021-08-26,1793.63,2021
2021-08-27,1817.93,2021
2021-08-30,1810.55,2021
2021-08-31,1814.56,2021
2021-09-01,1813.28,2021
2021-09-02,1809.54,2021
2021-09-03,1827.46,2021
2021-09-06,1823.69,2021
2021-09-07,1795.75,2021
2021-09-08,1790.82,2021
2021-09-09,1794.8,2021
2021-09-10,1787.78,2021
2021-09-13,1793.11,2021
2021-09-14,1803.8,2021
2021-09-15,1795.15,2021
2021-09-16,1753.92,2021
2021-09-17,1754.86,2021
2021-09-20,1765.18,2021
2021-09-21,1775.07,2021
2021-09-22,1767.05,2021
2021-09-23,1745.79,2021
2021-09-24,1750.87,2021
2021-09-27,1751.29,2021
2021-09-28,1735.37,2021
2021-09-29,1728.9,2021
2021-09-30,1753.14,2021
2021-10-01,1761.02,2021
2021-10-04,1768.13,2021
2021-10-05,1759.43,2021
2021-10-06,1764.06,2021
2021-10-07,1755.01,2021
2021-10-08,1756.95,2021
2021-10-11,1753.35,2021
2021-10-12,1760.47,2021
2021-10-13,1791.83,2021
2021-10-14,1795.05,2021
2021-10-15,1767.63,2021
2021-10-18,1764.02,2021
2021-10-19,1768.79,2021
2021-10-20,1781.73,2021
2021-10-21,1784.91,2021
2021-10-22,1792.47,2021
2021-10-25,1807.94,2021
2021-10-26,1793.63,2021
2021-10-27,1796.7,2021
2021-10-28,1799.69,2021
2021-10-29,1783.59,2021
2021-11-01,1792.12,2021
2021-11-02,1787.1,2021
2021-11-03,1777.19,2021
2021-11-04,1791.42,2021
2021-11-05,1817.81,2021
2021-11-08,1824.59,2021
2021-11-09,1829.97,2021
2021-11-10,1848.81,2021
2021-11-11,1862.48,2021
2021-11-12,1864.53,2021
2021-11-15,1862.41,2021
2021-11-16,1850.35,2021
2021-11-17,1866.7,2021
2021-11-18,1859.66,2021
2021-11-19,1846.02,2021
2021-11-22,1809.1,2021
2021-11-23,1790.68,2021
2021-11-24,1789.58,2021
2021-11-25,1792.0,2021
2021-11-26,1792.6,2021
2021-11-29,1786.93,2021
2021-11-30,1773.46,2021
2021-12-01,1781.91,2021
2021-12-02,1769.12,2021
2021-12-03,1783.45,2021
2021-12-06,1781.0,2021
2021-12-07,1784.7,2021
2021-12-08,1783.7,2021
2021-12-09,1776.42,2021
2021-12-10,1783.15,2021
2021-12-13,1785.9,2021
2021-12-14,1772.51,2021
2021-12-15,1779.78,2021
2021-12-16,1798.83,2021
2021-12-17,1798.19,2021
2021-12-20,1791.35,2021
2021-12-21,1790.55,2021
2021-12-22,1803.75,2021
2021-12-23,1808.86,2021
2021-12-24,1808.39,2021
2021-12-27,1812.46,2021
2021-12-28,1806.72,2021
2021-12-29,1804.64,2021
2021-12-30,1815.73,2021
2021-12-31,1829.05,2021
2022-01-03,1804.27,2022
2022-01-04,1813.88,2022
2022-01-05,1810.28,2022
2022-01-06,1791.61,2022
2022-01-07,1796.41,2022
2022-01-10,1801.52,2022
2022-01-11,1820.88,2022
2022-01-12,1825.36,2022
2022-01-13,1821.16,2022
2022-01-14,1817.43,2022
2022-01-17,1819.22,2022
2022-01-18,1814.33,2022
2022-01-19,1838.58,2022
2022-01-20,1839.01,2022
2022-01-21,1834.58,2022
2022-01-24,1843.57,2022
2022-01-25,1849.68,2022
2022-01-26,1822.01,2022
2022-01-27,1797.32,2022
2022-01-28,1792.11,2022
2022-01-31,1797.92,2022
2022-02-01,1800.77,2022
2022-02-02,1807.9,2022
2022-02-03,1805.76,2022
2022-02-04,1807.95,2022
2022-02-07,1822.1,2022
2022-02-08,1825.99,2022
2022-02-09,1832.75,2022
2022-02-10,1826.92,2022
2022-02-11,1858.69,2022
2022-02-14,1871.16,2022
2022-02-15,1853.08,2022
2022-02-16,1869.85,2022
2022-02-17,1900.09,2022
2022-02-18,1897.36,2022
2022-02-21,1909.53,2022
2022-02-22,1898.27,2022
2022-02-23,1910.86,2022
2022-02-24,1906.45,2022
2022-02-25,1889.18,2022
2022-02-28,1906.41,2022
2022-03-01,1942.43,2022
2022-03-02,1929.16,2022
2022-03-03,1934.96,2022
2022-03-04,1970.68,2022
2022-03-07,1998.79,2022
2022-03-08,2043.83,2022
2022-03-09,1990.08,2022
2022-03-10,1995.61,2022
2022-03-11,1987.99,2022
2022-03-14,1952.36,2022
2022-03-15,1918.31,2022
2022-03-16,1926.98,2022
2022-03-17,1944.05,2022
2022-03-18,1921.49,2022
2022-03-21,1935.53,2022
2022-03-22,1919.54,2022
2022-03-23,1946.21,2022
2022-03-24,1959.36,2022
2022-03-25,1958.39,2022
2022-03-28,1924.15,2022
2022-03-29,1916.47,2022
2022-03-30,1933.98,2022
2022-03-31,1936.78,2022
2022-04-01,1924.8,2022
2022-04-04,1931.59,2022
2022-04-05,1920.69,2022
2022-04-06,1923.91,2022
2022-04-07,1933.08,2022
2022-04-08,1947.57,2022
2022-04-11,1952.97,2022
2022-04-12,1966.04,2022
2022-04-13,1977.25,2022
2022-04-14,1973.3,2022
2022-04-15,1974.8,2022
2022-04-18,1977.34,2022
2022-04-19,1949.86,2022
2022-04-20,1956.95,2022
2022-04-21,1951.27,2022
2022-04-22,1931.96,2022
2022-04-25,1899.54,2022
2022-04-26,1906.63,2022
2022-04-27,1885.73,2022
2022-04-28,1895.6,2022
2022-04-29,1896.95,2022
2022-05-02,1863.28,2022
2022-05-03,1868.47,2022
2022-05-04,1894.08,2022
2022-05-05,1874.4,2022
2022-05-06,1883.86,2022
2022-05-09,1854.73,2022
2022-05-10,1833.65,2022
2022-05-11,1854.14,2022
2022-05-12,1820.7,2022
2022-05-13,1811.09,2022
2022-05-16,1826.49,2022
2022-05-17,1814.62,2022
2022-05-18,1816.19,2022
2022-05-19,1842.17,2022
2022-05-20,1846.53,2022
2022-05-23,1853.94,2022
2022-05-24,1867.44,2022
2022-05-25,1854.09,2022
2022-05-26,1853.04,2022
2022-05-27,1853.48,2022
2022-05-30,1852.52,2022
2022-05-31,1836.44,2022
2022-06-01,1846.05,2022
2022-06-02,1869.84,2022
2022-06-03,1851.1,2022
2022-06-06,1839.64,2022
2022-06-07,1853.62,2022
2022-06-08,1852.82,2022
2022-06-09,1847.09,2022
2022-06-10,1871.61,2022
2022-06-13,1820.98,2022
2022-06-14,1810.99,2022
2022-06-15,1833.9,2022
2022-06-16,1851.01,2022
2022-06-17,1840.25,2022
2022-06-20,1839.17,2022
2022-06-21,1831.39,2022
2022-06-22,1836.67,2022
2022-06-23,1824.7,2022
2022-06-24,1827.54,2022
2022-06-27,1823.61,2022
2022-06-28,1818.44,2022
2022-06-29,1818.93,2022
2022-06-30,1806.67,2022
2022-07-01,1810.46,2022
2022-07-04,1809.16,2022
2022-07-05,1769.48,2022
2022-07-06,1740.06,2022
2022-07-07,1741.94,2022
2022-07-08,1742.35,2022
2022-07-11,1733.39,2022
2022-07-12,1725.42,2022
2022-07-13,1732.08,2022
2022-07-14,1711.78,2022
2022-07-15,1707.27,2022
2022-07-18,1708.26,2022
2022-07-19,1710.01,2022
2022-07-20,1695.5,2022
2022-07-21,1718.55,2022
2022-07-22,1727.45,2022
2022-07-25,1719.06,2022
2022-07-26,1718.02,2022
2022-07-27,1738.87,2022
2022-07-28,1755.05,2022
2022-07-29,1766.16,2022
2022-08-01,1772.11,2022
2022-08-02,1756.78,2022
2022-08-03,1763.71,2022
2022-08-04,1793.47,2022
2022-08-05,1774.97,2022
2022-08-08,1789.26,2022
2022-08-09,1794.16,2022
2022-08-10,1791.78,2022
2022-08-11,1789.19,2022
2022-08-12,1801.89,2022
2022-08-15,1778.57,2022
2022-08-16,1775.56,2022
2022-08-17,1765.04,2022
2022-08-18,1758.54,2022
2022-08-19,1747.0,2022
2022-08-22,1735.32,2022
2022-08-23,1746.16,2022
2022-08-24,1751.07,2022
2022-08-25,1756.69,2022
2022-08-26,1738.1,2022
2022-08-29,1739.73,2022
2022-08-30,1723.41,2022
2022-08-31,1708.84,2022
2022-09-01,1697.5,2022
2022-09-02,1712.5,2022
2022-09-05,1714.02,2022
2022-09-06,1703.5,2022
2022-09-07,1716.64,2022
2022-09-08,1710.74,2022
2022-09-09,1717.32,2022
2022-09-12,1725.42,2022
2022-09-13,1702.16,2022
2022-09-14,1697.65,2022
2022-09-15,1662.54,2022
2022-09-16,1675.23,2022
2022-09-19,1675.89,2022
2022-09-20,1666.47,2022
2022-09-21,1667.23,2022
2022-09-22,1672.8,2022
2022-09-23,1643.9,2022
2022-09-26,1627.95,2022
2022-09-27,1628.84,2022
2022-09-28,1656.48,2022
2022-09-29,1664.4,2022
2022-09-30,1660.6,2022
2022-10-03,1700.96,2022
2022-10-04,1725.65,2022
2022-10-05,1718.41,2022
2022-10-06,1711.8,2022
2022-10-07,1694.7,2022
2022-10-10,1670.29,2022
2022-10-11,1663.98,2022
2022-10-12,1674.5,2022
2022-10-13,1663.59,2022
2022-10-14,1644.16,2022
2022-10-17,1650.67,2022
2022-10-18,1652.42,2022
2022-10-19,1627.28,2022
2022-10-20,1627.04,2022
2022-10-21,1657.6,2022
2022-10-24,1651.8,2022
2022-10-25,1652.82,2022
2022-10-26,1667.29,2022
2022-10-27,1661.89,2022
2022-10-28,1644.7,2022
2022-10-31,1632.51,2022
2022-11-01,1646.87,2022
2022-11-02,1633.88,2022
2022-11-03,1629.77,2022
2022-11-04,1681.3,2022
2022-11-07,1674.6,2022
2022-11-08,1711.6,2022
2022-11-09,1706.56,2022
2022-11-10,1752.3,2022
2022-11-11,1770.78,2022
2022-11-14,1769.57,2022
2022-11-15,1780.82,2022
2022-11-16,1773.94,2022
2022-11-17,1759.93,2022
2022-11-18,1751.04,2022
2022-11-21,1738.57,2022
2022-11-22,1741.21,2022
2022-11-23,1752.24,2022
2022-11-24,1755.53,2022
2022-11-25,1754.6,2022
2022-11-28,1741.31,2022
2022-11-29,1748.84,2022
2022-11-30,1773.48,2022
2022-12-01,1802.34,2022
2022-12-02,1798.03,2022
2022-12-05,1769.28,2022
2022-12-06,1771.06,2022
2022-12-07,1787.13,2022
2022-12-08,1789.33,2022
2022-12-09,1797.35,2022
2022-12-12,1782.11,2022
2022-12-13,1809.72,2022
2022-12-14,1807.69,2022
2022-12-15,1776.57,2022
2022-12-16,1793.13,2022
2022-12-19,1787.33,2022
2022-12-20,1817.28,2022
2022-12-21,1814.94,2022
2022-12-22,1793.3,2022
2022-12-23,1798.58,2022
2022-12-26,1801.94,2022
2022-12-27,1812.46,2022
2022-12-28,1805.86,2022
2022-12-29,1815.0,2022
2022-12-30,1823.86,2022
